item_no,position,text
1,1,"La lampe de néon rouge irise ses cheveux."
1,2,"La nacelle du ballon tire sa souplesse de l’osier."
1,3,"Devine qui a volé le précieux collier de jade."
1,4,"C’est facile d’atteindre la branche en sautant du muret."
1,5,"Ne collez jamais d’affiche sur le mur de la poste."
1,6,"Découpe de fines lamelles de cette truffe noire."
1,7,"Une croisière dans un grand bateau, c’est un bonheur parfait."
1,8,"Une brèche dans le mur laissait entrer de l’air."
1,9,"Le groupe d’amis s’est quitté devant le kiosque."
1,10,"La voiture de course partit en trombe sur la piste."
2,1,"Note sur le papier le poids de la bonbonne de gaz."
2,2,"Prends ce chiffon pour enlever la graisse de ton visage."
2,3,"La source de la rivière boueuse est un ruisseau clair."
2,4,"Tire la fléchette et inscris tes points sur le tableau."
2,5,"Aide la femme à monter à l’arrière du tramway."
2,6,"Ils ont enfin trouvé une place à la crèche publique."
2,7,"L’affaire reste étrange pour les vieux et les sages."
2,8,"Il a un cou propre sur un col net et soigné."
2,9,"Son dernier congé dura deux semaines."
2,10,"L’idée est de coudre ensemble ces morceaux de tissus."
3,1,"Le lait de vache se compose surtout d’eau."
3,2,"Cueillez les roses puis coupez les épines."
3,3,"Le lièvre se distingue du lapin par ses pattes musclées."
3,4,"L’envie d’écrire des histoires courtes est rare."
3,5,"La beauté de la vue a séduit toute la famille."
3,6,"Les poissons nageaient en rond dans le grand bocal."
3,7,"L’homme remplit son sac de vieilles affaires."
3,8,"Le chêne est un arbre robuste qui donne de l’ombre."
3,9,"Le gilet en laine n’a ni poches, ni manches, ni revers."
3,10,"Le redoux à fait fermer les pistes de luge."
4,1,"L’anse du cabas glisse de son épaule gauche."
4,2,"La souris évite les pièges posés sur son parcours."
4,3,"Fais la somme et reporte le total ici."
4,4,"Rejoins la chorale pour chanter le dernier couplet."
4,5,"Sens la faible chaleur de la flamme qui s’éteint."
4,6,"Les épices rares viennent de l’Extrême-Orient."
4,7,"L’autel de marbre contraste avec les dalles en terre."
4,8,"Peins ce mur en violet pour un effet unique."
4,9,"L’oie a été vendue pour un dîner qui s’annonce grandiose."
4,10,"Le bourgeon de cette branche grandit chaque jour."
5,1,"Sautez du lit et prenez un café chaud."
5,2,"La musique restait forte pendant qu’ils parlaient."
5,3,"Les jardins du château s’étendent sur trois hectares."
5,4,"Le soleil au zénith fait briller le goudron."
5,5,"Elle secoue sa cape en marchant fièrement dans la rue."
5,6,"Pour ouvrir la clôture, soulève fort la poignée."
5,7,"La meute de loups se rassemble chaque nuit."
5,8,"Monte sur le muret et saute par-dessus la barrière."
5,9,"Plongez les biscuits secs dans l’alcool pour qu’ils s’imbibent."
5,10,"Le grillage empêche les poussins de sortir de la cage."
6,1,"Un courant d’air glacé s’engouffre dans le manteau."
6,2,"Le jeu de cartes s’arrête au sixième pli."
6,3,"Un bon livre informe de ce que nous devons savoir."
6,4,"Le concert fut un fiasco dès le début."
6,5,"Une scie est un outil utile pour faire des planches."
6,6,"Les habits sèchent sur un support en bois mince."
6,7,"Respire avant de sauter et profite de l’instant."
6,8,"Elle portait des boucles d’argent et un collier de nacre."
6,9,"Plante le rosier à côté des marches du perron."
6,10,"L’année dernière nous vivions sur une péniche fleurie."
7,1,"Le combat prit fin en six minutes."
7,2,"Prenez un crayon à papier pour la première esquisse."
7,3,"Dommage que le poivre gâche ce ragoût de bœuf."
7,4,"Il a trouvé cette veste en laine pendant les soldes."
7,5,"Nous allons mettre fin à cette sinistre affaire."
7,6,"La maison de trois étages a été construite en pierre."
7,7,"Une nuée de moineaux volait dans le ciel d’orage."
7,8,"Il faudra beaucoup de courage pour vaincre son cancer."
7,9,"L’île des tortues est visible depuis le bord de mer."
7,10,"La tâche d’encre a séché sur la page blanche."
8,1,"Bouchez le bocal avec ce couvercle en verre poli."
8,2,"Les plinthes sur la gauche du hall d’entrée se décollent."
8,3,"Le chat errant a mis bas hier."
8,4,"Les grues cendrées sont de grands oiseaux d’Afrique."
8,5,"La jeunesse passe toujours tellement vite."
8,6,"L’alarme stridente du réveil le tira de son sommeil."
8,7,"Le klaxon de la voiture réveille en sursaut le gendarme."
8,8,"C’est la bonne saison pour partir marcher en montagne."
8,9,"À l’ouest, les pruniers donnent peu de fruits."
8,10,"Les fausses perles brillent et coûtent peu."
9,1,"L’armée a pris la place forte de l’ennemi."
9,2,"Elle a surpris le chat du voisin sur le fauteuil du salon."
9,3,"Le prix est juste pour cette belle horloge antique."
9,4,"Le cheval a sauté et la barre de l’obstacle est tombée."
9,5,"Ajoute une tasse de sucre roux à la recette."
9,6,"La grande maison avait des volets verts."
9,7,"Un calcul trop rapide augmente les erreurs."
9,8,"Pendant les fêtes, nous aimons la bonne cuisine."
9,9,"Les sourires de ce groupe d’enfants ont sauvé notre journée."
9,10,"Le crayon de papier est taillé mais la mine s’est cassée."
10,1,"L’ours brun est blessé par le piège du chasseur."
10,2,"Les lignes de fuite sont à peine visibles sur le plan."
10,3,"Le formol se conserve mieux en milieu humide."
10,4,"La nageoire du requin fendait l’eau claire."
10,5,"Le dossard quatre a eu un faible score."
10,6,"Le ciment frais sécha pendant la nuit."
10,7,"Coupez le gâteau en quatre parts égales."
10,8,"L’ivoire est prisé pour créer des bijoux de luxe."
10,9,"L’eau de la source a des vertus sur la peau et les reins."
10,10,"La facture est payée toutes les trois semaines."
11,1,"Une zébrure de couleur marquait le rebord droit."
11,2,"C’est ainsi, chats et chiens se haïssent depuis toujours."
11,3,"Ses études de chimie lui assurent un emploi rapide."
11,4,"Ouvrez la caisse en veillant à ne pas briser les verres."
11,5,"Le fromage suisse gagne en goût avec le temps."
11,6,"Il a neigé, plu et grêlé le même matin."
11,7,"Sept sceaux ont été posés sur de grandes feuilles."
11,8,"Lance la boule sur le couloir de bois vernis."
11,9,"La prochaine rencontre sportive a lieu demain."
11,10,"Déplace la cocotte en fonte sur le feu vif."
12,1,"L’écorce du grand pin était brillante et sombre."
12,2,"Le canot en bouleau glissait sur l’eau calme."
12,3,"La vache rousse dormait dans l’herbe fraîche."
12,4,"Avoir vaut mieux que d’attendre et rêver."
12,5,"Le jus de citron fait de fameux cocktails."
12,6,"Il a mangé de la tarte aux pêches et une mousse au citron."
12,7,"Taille le tissu doré en fines bandes."
12,8,"Il essaye et s’applique mais pourtant il s’éloigne du but."
12,9,"Les nouvelles recrues ont droit au gîte et au couvert."
12,10,"Les choses simples donnent un plaisir pur."
13,1,"Un cri aigu perça le silence de la nuit."
13,2,"Le palmier est une plante qui pousse dans les régions chaudes."
13,3,"Le cheval flaire le sentier pour trouver le chemin."
13,4,"Ils chantaient les mêmes chansons à chaque fête."
13,5,"Les projets de loi ont été votés à la session d’automne."
13,6,"Ils arrivent à rire malgré la triste nouvelle."
13,7,"Le duc a quitté le parc dans un carrosse d’argent."
13,8,"Il appuie son propos avec un tableau des dernières données."
13,9,"Les femmes de la tribu fabriquent et vendent des bijoux."
13,10,"La perte du second navire est un coup dur."
14,1,"Il a crié la même phrase trente fois."
14,2,"Manger bio aide à perdre du poids."
14,3,"Il s’adonne à la couture pendant son temps libre."
14,4,"Il a vécu cinq ans avec un chien d’aveugle."
14,5,"Raconte au chef tes soucis pour qu’il puisse t’aider."
14,6,"Les barbares ont pris le nord de la ville sans violence."
14,7,"Une telle force pourrait casser le mât."
14,8,"Il regrette la mauvaise tournure qu’a prise la soirée."
14,9,"Il rompit net les liens avec son groupe d’amis."
14,10,"Le bus scolaire longe le lac gelé."
15,1,"Devine le score final du premier match."
15,2,"Il craint la façon dont le vent souffle."
15,3,"La juste cause a reçu le verdict qu’elle mérite."
15,4,"Tends l’oreille pour entendre les cigales de la pinède."
15,5,"Les caniches de pure race sont toujours bouclés."
15,6,"En partant maintenant du gymnase, il sera à l’heure."
15,7,"Le bol en cuivre brillait aux rayons du soleil."
15,8,"Le bébé met son pied droit dans sa bouche."
15,9,"Il existe un écart certain entre penser et agir."
15,10,"Le plongeon de l’athlète est loin d’être parfait."
16,1,"Les enfants ont usé tous les crayons de la boîte."
16,2,"D’épaisses lunettes lui ont permis de lire le livre."
16,3,"Il est passé devant sans que le jeune garçon ne le remarque."
16,4,"Il ne veut pas admettre ses petits tics de langage."
16,5,"Les coussins du sofa en cuir sont rouges et légers."
16,6,"La ligue de la paix discute de ses prochaines actions."
16,7,"Un roman d’amour est tombé du sac de sport."
16,8,"Faites-lui un prix pour cette table en marbre rose."
16,9,"Cette veste de soie blanche ira avec ses chaussures."
16,10,"Il a écrit son dernier roman à l’hôtel du coin."
17,1,"L’épais brouillard devrait freiner les chauffards."
17,2,"La teinte grise de la peinture du bureau est morne."
17,3,"Écoute cette chanson, elle évoque les vacances de Noël."
17,4,"La classe de yoga couvre la moitié de la plage."
17,5,"Une pluie de suie tombe du conduit chaud."
17,6,"La vapeur d’eau siffla de la vanne cassée."
17,7,"L’enfant manqua de blesser le petit chien."
17,8,"La morue est la richesse première de ce drôle d’endroit."
17,9,"Brûle la tourbe et ajoute le bois de hêtre."
17,10,"Dis-le avec douceur mais essaie d’être clair."
18,1,"Ce lundi matin est le pire moment pour se voir."
18,2,"Le courrier est livré en trois lots par jour."
18,3,"La nouvelle vendeuse a été virée hier midi."
18,4,"Le toit de la grange céda et tomba avec fracas."
18,5,"Dépose à la banque la recette de la semaine passée."
18,6,"Cette mission spatiale explore une planète proche."
18,7,"Les fausses croyances se colportent toujours par des sceptiques."
18,8,"Huit hectares de forêt ont brûlé et sont perdus."
18,9,"Les voitures et les bus sont bloqués par les chutes de neige."
18,10,"Un jeune enfant ne devrait pas souffrir de faim."
19,1,"Les deux frères portent les mêmes baskets."
19,2,"La tasse cassée s’est vidée sur la nappe en soie."
19,3,"Elle rédige un courriel à l’enseigne pour se plaindre de l’accueil."
19,4,"Des feuilles mortes jonchaient le sol en pierre."
19,5,"Les lois de la guerre régissent les statuts des otages."
19,6,"Les nouvelles circulent vite sur les réseaux sociaux."
19,7,"Sa chemise est propre mais le bouton du haut manque."
19,8,"Les élus du pays refusent de se risquer à une guerre."
19,9,"Le tour de manège a ravi tous les enfants."
19,10,"Un tapis rond couvre le plancher en bois."
20,1,"Les collants de grande taille sont durs à vendre."
20,2,"La place s’emplit d’une foule houleuse et bruyante."
20,3,"Il refait son serment chaque mois de mars."
20,4,"Ce thé du japon a un léger goût sucré."
20,5,"Le papier est rare ici, donc écris avec soin."
20,6,"La pièce de monnaie antique était terne et usée."
20,7,"Avec du doigté les vrais verres en cristal chantent."
20,8,"Le savon flotte au-dessus de l’eau du bain."
20,9,"Les feuilles mortes de l’érable tombent sans bruit."
20,10,"Cette nouvelle pommade devrait faire des miracles."
21,1,"Retire ta veste d’hiver car la journée est douce."
21,2,"Après cette folle danse, ils sont rentrés à la maison."
21,3,"La terre sur ces légumes peut tâcher vos mains."
21,4,"Le potier surveille la cuisson des coupes en grès."
21,5,"L’os du poignet était cassé et la main enflait."
21,6,"Les œuvres de ce peintre sont visibles dans deux galeries."
21,7,"L’orage a surpris les enfants dans la cour du collège."
21,8,"Le bruit de la cloche marqua le début de la partie."
21,9,"Le toit de l’abri a été conçu avec une forte pente."
21,10,"Essaye de tracer une fine ligne sur le tableau."
22,1,"Lave la nappe bleue qui couvre la table."
22,2,"La gouache est une peinture à l’eau, couvrante et opaque."
22,3,"Note vite le code ou tu risques de le perdre."
22,4,"Le deuxième évier sert pour les grands plats."
22,5,"Elle recoud avec soin les trous du manteau usé."
22,6,"Le stylo à mine noire écrit mieux."
22,7,"Il s’étend sur l’herbe fraîche pour faire la sieste."
22,8,"Le plaignant a perdu l’affaire face au juge."
22,9,"Le meuble massif à l’entrée du salon était ciré."
22,10,"Le cheval a henni et le grand jockey est tombé."
23,1,"La mouche vole le long de la paroi en verre."
23,2,"L’artiste observe la parade avec un œil inquiet."
23,3,"Les fans de twist aiment la musique rythmée."
23,4,"Il connaît les grandes qualités de la jeune actrice."
23,5,"Un manchon de fourrure est toujours doux et seyant."
23,6,"Remplis le seau de glaçons car ce vin est tiède."
23,7,"L’équipe qui reste soudée sera la meilleure."
23,8,"La grêle tombait sur l’herbe brune et brulée."
23,9,"La femelle paon est un oiseau fier et joli."
23,10,"Plie la carte pour pouvoir la ranger dans le sac."
24,1,"Les merlans sont des petits poissons qu’on attrape au filet."
24,2,"La toile du fauteuil et des rideaux était bleue."
24,3,"L’odeur âcre de l’acide le prit à la gorge."
24,4,"Il faillit chuter au début du sentier des douaniers."
24,5,"Commande vite avant que le glacier ne ferme."
24,6,"Les larges bords du chapeau tombaient sur ses yeux."
24,7,"La cire épaisse protège le parquet des rayures."
24,8,"La mascotte de l’équipe est un gros lynx roux."
24,9,"Le temps de la semaine nous réserve de nombreuses surprises."
24,10,"Il a couru sur le chemin menant à la nouvelle boutique."
25,1,"La petite boîte en papier est pleine d’épingles."
25,2,"Le corps de la parure est serti d’une douzaine de saphirs."
25,3,"Le marais gèle quand il fait froid."
25,4,"L’oiseau a laissé ses empreintes dans le ciment frais."
25,5,"Nous avons changé la pièce du moteur avec succès."
25,6,"L’aube dardait un rayon doré sur le balcon."
25,7,"Regarde, les hommes marchent au milieu de la route."
25,8,"La cheville carrée est fixée au centre de la borne."
25,9,"Le quartier chinois est à côté du centre-ville."
25,10,"Le prince voulut qu’on coupe la tête du voleur."
26,1,"Il a besoin d’aide pour finir le chantier à temps."
26,2,"Le mot d’usage pour cet alcool local est gnôle."
26,3,"Ajoute la version finale à ta chaîne YouT ube."
26,4,"Le fruit mauve du figuier a une forme de pomme."
26,5,"Les conserves de poire et de pêche manquent de saveur."
26,6,"C’est une bande d’acier large de quinze mètres."
26,7,"Déplace la brouette de terre et vide-la ici."
26,8,"La grève du train a surpris et fâché les touristes."
26,9,"Ils étaient dehors quand le coup est parti."
26,10,"Sa réponse était claire et ils furent tous d’accord."
27,1,"Les bombes ont laissé le centre de la ville en ruines."
27,2,"Elle est gentille et douce avec les personnes âgées malades."
27,3,"Il existe plusieurs manières de résoudre ce problème."
27,4,"Écris à cet ami cher une gentille lettre."
27,5,"Le vélo de l’enfant glissa dans le chemin boueux."
27,6,"Nous avons quatre heures de travail intense."
27,7,"Cette cocotte en fonte est parfaite pour le civet de cerf."
27,8,"Les poissons et coraux ont souffert de la marée noire."
27,9,"Le pommeau de l’épée protégeait sa main nue."
27,10,"La dette publique augmente chaque jour."
28,1,"Son large sourire séduit et trompe à la fois."
28,2,"Cette esquisse transmet bien l’idée du courage."
28,3,"Emballe avec soin le violon et la flûte dans les étuis."
28,4,"Lisez la page à voix haute pour le public."
28,5,"La charnière sur la porte grinçait à cause de la rouille."
28,6,"Le vase doré est vraiment rare et coûteux."
28,7,"L’odeur de chiffon brûlé agace son nez."
28,8,"Les deux marins ont perdu la vie dans la tempête."
28,9,"On n’entend que le bruit du crissement des bottes sur la neige."
28,10,"La canne est l’outil parfait pour pêcher le saumon."
29,1,"L’hôtesse a montré le chemin aux convives de marque."
29,2,"Prenez un verre de jus de tomate pour changer."
29,3,"Veillez à loger la lampe dans le trou prévu."
29,4,"La sourdine permit de baisser le niveau sonore."
29,5,"Ajoute quinze au montant total de sa dette."
29,6,"La sauce brûlée a noirci le fond de la casserole."
29,7,"Tôt ce matin, le ciel était d’un gris soyeux."
29,8,"Emballe les paquets et n’oublie pas de prendre le sel."
29,9,"Regarde la barque du pêcheur qui s’éloigne sur le fleuve."
29,10,"Nourris la souris avec des graines et des tranches de fruit."
30,1,"Une fumée noire s’échappe des fissures du tuyau."
30,2,"Retire du sol la bande de moquette usée."
30,3,"Le motard s’est fait prendre par le radar fixe."
30,4,"Range la boîte à chaussure dans cet espace libre."
30,5,"Au printemps, la plante du balcon a poussé et fleuri."
30,6,"La poutre en chêne tomba sur la tête du maçon."
30,7,"Le boucher du coin a été volé la nuit dernière."
30,8,"La danseuse étoile avait la grâce d’un cygne."
30,9,"Les clous sur la chaussée crevèrent les pneus avant."
30,10,"La vieille horloge sur le mur indique midi."
31,1,"Il est rare en Espagne de manger de l’autruche ou du serpent."
31,2,"Monte sur le podium et déclame ta tirade d’un trait."
31,3,"Les chardons plient sous l’effet du grand vent."
31,4,"L’éclat de rire résonne dans la salle vide."
31,5,"Ce matin la baguette coûte moins cher."
31,6,"Cette star du football connaît un regain de succès."
31,7,"La joie se lit dans les yeux de la jeune fille."
31,8,"Le renard rôde encore autour des poules."
31,9,"Avant, les casques des pompiers étaient en laiton."
31,10,"Visse ce bouchon aussi serré que possible."
32,1,"Beaucoup de mains aident à faire le travail."
32,2,"La machine a rendu la monnaie en pièces de dix."
32,3,"La liste des noms est sculptée sur le pourtour du socle."
32,4,"Pour l’envoi, emballe l’objet avec du papier bulle."
32,5,"La perte du croiseur portait un coup à la flotte."
32,6,"Ajoute le sel avant de frire les œufs."
32,7,"Cette énigme se compose d’une série de vers connus."
32,8,"Le glaçage de la bûche ravit les petits et les ados."
32,9,"Sers un thé chaud aux skieurs trempés."
32,10,"Le grenier de la maison rouge a pris feu."
33,1,"Les escrocs qui volent leurs amis méritent la prison."
33,2,"La coulée de boue a atteint le bord de la route."
33,3,"La banque le presse de payer l’ensemble de ses dettes."
33,4,"Neuf rangées de soldats faisaient la file."
33,5,"Cette portion de la plage est sèche et couverte d’algues."
33,6,"Le virus a détruit tous les fichiers texte."
33,7,"À ces mots l’acteur devra quitter la scène."
33,8,"Il épargne de l’argent en consommant très peu."
33,9,"Les points de lumière ont trahi le chat noir."
33,10,"Œufs pochés et jambon doivent suffire."
34,1,"La fille au comptoir a vendu cinquante billets."
34,2,"Le quai du port était visible depuis la fenêtre du salon."
34,3,"L’espion reçut plusieurs messages d’Espagne."
34,4,"Les gélules rouges sont moins fortes que les autres."
34,5,"Le couteau tranchant était rangé dans son fourreau râpé."
34,6,"Un café noir aide à passer la soirée."
34,7,"Entoure cette figure avec des traits bleus épais."
34,8,"Des tribus nomades parcourent la steppe à cheval."
34,9,"Dès que le rideau s’ouvre, tapez des mains."
34,10,"Naissance et mort marquent les limites de la vie."
35,1,"Gardez toujours la porte de la grange fermée."
35,2,"Le riz blanc est compris avec le plat de poulet."
35,3,"Mardi prochain, nous devons former le conseil."
35,4,"Verse une louche de potage dans chaque assiette."
35,5,"Repasse ces billets de banque mouillés pour les sécher."
35,6,"Cette figure de la mode s’est fait connaître sur le net."
35,7,"L’appât attire les truites et les carpes de l’étang."
35,8,"Cet auteur a connu la censure pour trois de ses livres."
35,9,"Le bail de son studio est rompu depuis seize semaines."
35,10,"La fleur de lys est visible sur les blasons royaux."
36,1,"La banque déplore la faillite soudaine du commerce."
36,2,"La petite fille ôta vite son chapeau."
36,3,"Le vieux fermier semblait austère et seul."
36,4,"Va à la rencontre de ce groupe jovial de pêcheurs."
36,5,"Le thé infuse mal dans un pot froid."
36,6,"Il se rapproche du convoi tout en gardant de la distance."
36,7,"La clé est restée coincée dans la serrure du vestiaire."
36,8,"Le juge réclame une amende de mille dollars."
36,9,"Il est rare de nos jours de manger une cuisse de poulet."
36,10,"La brise marine est venue des dunes du nord."
37,1,"L’aneth donne une saveur nordique à ce plat."
37,2,"Le rayon de bière a été vidé avant le match."
37,3,"Les pinces sont posées à côté du seau à glace."
37,4,"Les maisons sont construites en briques d’argile rouge."
37,5,"Marque l’endroit sur la carte avec un cercle rouge."
37,6,"La musique de ce film muet mérite un oscar."
37,7,"Les poils de chat et de chien le font tousser."
37,8,"Les personnes sensibles au pollen redoutent le printemps."
37,9,"Réveille-la sans la brusquer car la journée fut longue."
37,10,"La taille des poiriers se fait au milieu de l’hiver."
38,1,"Couché sur le radeau, il bronzait dos au soleil."
38,2,"L’affaire piétine et la famille attend toujours."
38,3,"Cet article n’aborde qu’une partie des enjeux réels."
38,4,"Fixez deux broches pour que cela tienne."
38,5,"La boule de pétanque a manqué de toucher son pied."
38,6,"Vivre à la montagne offre un air pur."
38,7,"Le succès du sandwich jambon salade est intact."
38,8,"Le cigare a laissé une marque sur le vernis du bureau."
38,9,"Les grappes de raisin ont été pressées pour faire du vin."
38,10,"Il fume la pipe et le cigare depuis trop longtemps."
39,1,"Ajoute quatre et sept et tu verras bien."
39,2,"La suite de l’histoire est logique mais assez triste."
39,3,"Appuie bien fort sur la pédale avec ton pied."
39,4,"Son plan de carrière échoue par manque de chance."
39,5,"C’était un coup bas de la part du nouveau juge."
39,6,"Ces deux facteurs aident à comprendre la tendance."
39,7,"Le client propose un bon prix pour le lot."
39,8,"Le verrou de la remise doit rester fermé."
39,9,"Plonge treize minutes et remonte à la surface."
39,10,"L’école enseigne aux élèves les bonnes manières."
40,1,"Ses plans pour l’avenir étaient précis et censés."
40,2,"Les sachets de clous ont été triés par taille et par poids."
40,3,"Le bureau et deux chaises ont été peints en brun."
40,4,"Grille ces graines de courge, elles seront meilleures."
40,5,"Les lanternes violettes éclairent la pelouse sombre."
40,6,"Un kilo de farine coûte autant qu’une mangue."
40,7,"La jeunesse conduit vite et manque de prudence."
40,8,"Pousse le cafard avec ce morceau de bois sec."
40,9,"Le tapis avait une large tache verdâtre."
40,10,"Le porto est un vin fort au goût fumé."
41,1,"Cette noix est trop dure, croque-la avec tes molaires."
41,2,"Il travaille le diamant pour sertir la bague de la mariée."
41,3,"Remplis ce bocal en verre de colle forte."
41,4,"Le petit chien a rongé et troué la chaussette."
41,5,"La perle a été montée sur un mince anneau d’argent."
41,6,"Le thé du paquet bleu a un goût exquis."
41,7,"Les pieds des grands verres sont fendus ou cassés."
41,8,"Prends la poupée de chiffon pour ta petite nièce."
41,9,"Le molosse tira la laisse avec la force d’un bœuf."
41,10,"Ouvrez votre livre d’histoire à la page douze."
42,1,"La boutique a fermé avant la fin de la vente."
42,2,"Pétris la pâte à pain et laisse-la lever."
42,3,"La fleur de la rose dure quelques jours."
42,4,"Il ramasse les dés et les jette pour une seconde partie."
42,5,"Ne monte pas dans le métro après le signal sonore."
42,6,"Ils prirent la hache et la scie pour aller en forêt."
42,7,"Une violente tempête a détruit le hangar de l’usine."
42,8,"La cime de l’arbre bougeait avec les rafales de vent."
42,9,"Au coucher du soleil, le ciel devient rose."
42,10,"Le printemps annonce le début de la saison des concours."
43,1,"Poster le paquet ce soir était une mauvaise idée."
43,2,"La région est aride mais regorge de richesses cachées."
43,3,"Une baleine à bosse a été vue près des côtes."
43,4,"L’herbe et le lilas blanc sont mouillés par la rosée."
43,5,"Il prend tout son temps pour compter sa monnaie."
43,6,"Sans culture, la vie devient ennui et tristesse."
43,7,"Nos troupes vaillantes frappent de grands coups."
43,8,"L’histoire raconte le mariage d’un requin avec un dauphin."
43,9,"Le sens de l’ouïe est plus fin que celui du toucher."
43,10,"Garde cette fiole pleine dans un lieu sûr."
44,1,"Sur l’île, la brise marine est douce et légère."
44,2,"Le cuir est une matière qui demande des soins constants."
44,3,"Elle rougit quand il lui offrit un bouquet de tulipes."
44,4,"Les hommes conçoivent des plans mais agissent peu."
44,5,"Lève le marteau et tape d’un coup sec."
44,6,"Pour aller au lac prenez le chemin à gauche."
44,7,"La suture au front tiendra mais surveille cette plaie."
44,8,"Il tira un billet vert de sa poche gauche."
44,9,"Il préfère laver les draps à soixante degrés."
44,10,"Les branches du pommier sont tombées dans le ruisseau clair."
45,1,"La dalle a été taillée dans de lourds blocs de marbre."
45,2,"Les écailles de cette espèce de tortue sont pointues et rugueuses."
45,3,"Le drapeau du palais s’agite avec la petite brise."
45,4,"La chemise en soie est sur le premier cintre de la penderie."
45,5,"Il s’est trouvé coincé dans une foule compacte et bruyante."
45,6,"Tire fort la corde pour sonner la cloche."
45,7,"La lampe brillait d’une vive flamme verte."
45,8,"Ce message est le dernier signe de vie de son oncle."
45,9,"Les graines de fèves et de pois poussent dans des gousses."
45,10,"Un accent français a un charme étrange pour les Anglais."
46,1,"Nous avons vu le duo de jongleurs au cirque."
46,2,"La patte arrière s’est coincée dans le piège rouillé."
46,3,"Il a sculpté une tête d’homme dans le bloc en marbre."
46,4,"Une couche de neige gelée bordait la route."
46,5,"Le choix du texte de la préface importe peu."
46,6,"Le lézard se réchauffe sur la muraille de galets bruns."
46,7,"Il demande à son ami d’enfance de lui porter secours."
46,8,"Elle attend le taxi sur la pelouse devant l’hôtel."
46,9,"Les derniers mots du discours laissent rêveur."
46,10,"Le civet a fini de cuire avant la nuit."
47,1,"Un plongeon dans l’eau glacée restaure la santé."
47,2,"Les lionnes chassent en groupe et encerclent leur proie."
47,3,"La veste est posée sur le dossier du fauteuil de velours."
47,4,"L’encre verte a fait une tâche sur le buvard."
47,5,"Les mites font des trous dans les habits en laine."
47,6,"La course à l’atome s’est soldée par un accord des parties."
47,7,"Le dernier mandat s’est fini au mois de juin."
47,8,"Les crèmes brûlées ont été servies au goûter des enfants."
47,9,"Pris de panique, il s’enfuit en courant et tomba."
47,10,"Les traces indiquent le chemin jusqu’à la plage."
48,1,"Les palourdes se dégustent en automne sur la côte ouest."
48,2,"La muse du peintre habite derrière l’église."
48,3,"Ouvrez la verrière de la cuisine pour que la vapeur s’échappe."
48,4,"Une montre de luxe devrait plaire à tous."
48,5,"Sers encore du vin de Loire à nos convives."
48,6,"Malgré ses efforts, le jeune homme n’est pas riche."
48,7,"Secoue la poussière de ce tapis aux motifs persans."
48,8,"Un silence soudain s’abat sur la tribune nord."
48,9,"La malle noire est tombée durant le voyage."
48,10,"Un feu qui fume beaucoup chauffe peu."
49,1,"Le château de sable ne résiste pas à la montée des eaux."
49,2,"Le scout éclaire le fond de la tente avec son briquet."
49,3,"La première partie du plan doit changer."
49,4,"La reine des fourmis se régale d’une poire mûre."
49,5,"Il faisait son jogging dès le matin au réveil."
49,6,"L’audace et la passion sont deux de ses nombreux talents."
49,7,"Observe les yeux du chat fixant la souris."
49,8,"Ce bras fort lui valut une médaille d’honneur."
49,9,"Enfonce le couteau dans le coin pour ouvrir l’huître."
49,10,"Le vol du collier de perles a été tenu secret."
50,1,"Le parti jugea son programme trop flou."
50,2,"Ce ministre du travail excelle à prédire les grèves."
50,3,"Ses cheveux ont tendance à friser les jours de pluie."
50,4,"Les hommes du quart de nuit ont double paie."
50,5,"Le lin donne un tissu souple et robuste."
50,6,"Le navire français s’est échoué sur les récifs coupants."
50,7,"La boîte est posée à côté du troisième camion."
50,8,"Mets le tableau sur le socle et oriente la lumière."
50,9,"Le skieur s’est cassé le bras en tombant dans la crevasse."
50,10,"Les pétales vont tomber à la prochaine averse."
51,1,"La saison des soldes commence tôt cette année."
51,2,"Une lettre laissée sur le comptoir l’emplit de bonheur."
51,3,"Jette les beignets de crevettes dans l’huile bouillante."
51,4,"C’est fâcheux que l’affaire soit restée classée."
51,5,"Les gouttes de pluie font une douce musique."
51,6,"Ces vestiges romains ont été trouvés par un groupe de marcheurs."
51,7,"Demande à la cour de juger ce cas sensible."
51,8,"La poignée de la porte du buffet était en cuivre brillant."
51,9,"Ce matin il n’arrivait pas à éteindre la machine à café."
51,10,"Les places de parking sont rares sur la rive nord."
52,1,"Ils se sont connus en Thaïlande en jouant au volley sur le sable."
52,2,"La meilleure méthode est de la fixer au mur avec des punaises."
52,3,"Il a roulé sur son vélo le long de la route pentue."
52,4,"Il aime manger les steaks saignants de ce bistrot."
52,5,"Le lierre grimpait sur le piquet en bois de la clôture."
52,6,"Un petit ruisseau traverse le champ de seigle."
52,7,"L’écorce du fruit a été coupée en tranches fines."
52,8,"Un départ rapide accroît les chances de gagner."
52,9,"Observe le joueur atteindre la troisième base."
52,10,"La levée des fonds a atteint son record mardi."
53,1,"La fissure du barrage grandit et menace la structure."
53,2,"Merci d’ouvrir au client qui attend dans le hall."
53,3,"La boue a tâché le devant de sa chemise blanche."
53,4,"Un canal permet de passer d’un fjord à l’autre."
53,5,"Le jeune homme s’enfuit par la porte du cellier."
53,6,"Un sentier raide est pénible pour nos pauvres pieds."
53,7,"Un trou rond creusait la roche de calcaire."
53,8,"La nouvelle jeta un doute dans les esprits des moines."
53,9,"Le cèdre fait de solides jouets en bois."
53,10,"La boîte en étain contient des pierres précieuses."
54,1,"Arrête de siffler et regarde les coureurs passer."
54,2,"Cette étoffe du nord de l’Inde a perdu de son lustre."
54,3,"La vitrine du tailleur est remplie de robes longues."
54,4,"Enfile ce manteau en laine avant de sortir."
54,5,"Les êtres humains et les chevaux consomment de l’avoine."
54,6,"Repasse la jupe et couds un bouton sur le gilet."
54,7,"Choisis une carte et mets-la en dessous du paquet."
54,8,"Un mortier est parfait pour broyer l’ail et les herbes."
54,9,"Les légumes sautés sont exquis avec le jambon de pays."
54,10,"Dimanche prochain est un jour très spécial."
55,1,"Le pauvre garçon a manqué le dernier bus."
55,2,"Il chargea la dernière cartouche du fusil et tira."
55,3,"Le lustre au plafond permet de lire tranquille."
55,4,"Le vote pour le nouveau drapeau commence demain."
55,5,"Le cycliste a sauté du podium d’un bond léger."
55,6,"Hisse la valise sur le toit car le coffre est plein."
55,7,"Le bourdon bâtit son nid de mousse et d’herbe."
55,8,"Glisse la facture du poêle entre ces deux feuilles."
55,9,"Réserve à l’avance pour payer moins cher."
55,10,"Un chant étrange le stoppa net dans sa course."
56,1,"Il nouera la ficelle autour des sept livres."
56,2,"Un petit livre peut tenir dans la poche."
56,3,"Le dernier acte était confus et les acteurs minables."
56,4,"La brume opaque est créée par des feux de forêt."
56,5,"Son costume bordeaux avait dix ans."
56,6,"Les gousses de pois gourmands mûrissent dans les champs."
56,7,"Son fils aîné est inscrit en classe de théâtre."
56,8,"Il cueille des groseilles blanches pour le dessert de demain."
56,9,"Charge la tablette avant de prendre l’avion."
56,10,"Il a laissé tomber son gant sur le rail du métro."
57,1,"Ce fromage s’affine douze mois en cave."
57,2,"Il a prêté son manteau de ski au touriste transi."
57,3,"Ce problème technique risque de se produire à nouveau."
57,4,"Certaines annonces servent à tromper les clients."
57,5,"La corde entre le cheval et la charrette a rompu d’un coup."
57,6,"Elle présente un tailleur droit au salon de la mode."
57,7,"La drogue saisie hier est dans des sachets scellés."
57,8,"Le baudet tirait le panier en osier sur le sentier."
57,9,"Il mélange du jus de poire avec du vin blanc."
57,10,"Le fermier a troqué son cheval pour un bœuf brun."
58,1,"Écope la coque du bateau pour ne pas couler à pic."
58,2,"L’opale est une pierre précieuse aux vertus magiques."
58,3,"Boucle ton lacet de gauche et remonte ton short."
58,4,"La mousse verte pousse à la lisière du bois."
58,5,"Ce film raconte la vie d’un danseur de tango."
58,6,"Il a donné l’ordre de répondre vite aux appels."
58,7,"À l’automne, les feuilles des arbres brunissent et jaunissent."
58,8,"Les pales de l’hélice fendaient le nuage dense."
58,9,"Les faits ne montrent pas toujours assez qui a raison."
58,10,"La mule marcha la nuit entière sur les sentiers."
59,1,"La vaisselle s’est cassée au sol avec grand fracas."
59,2,"Secoue la poussière du tapis sur le talus de la pelouse."
59,3,"Mettez la barrière et fermez la porte de la grange."
59,4,"Le fils du meunier broie la récolte d’avoine."
59,5,"Le riz est souvent servi dans des bols ronds."
59,6,"Le chaton fuit devant le chien de chasse."
59,7,"Un pari osé peut mener à la ruine."
59,8,"La bière est faite d’eau, de malt et de houblon."
59,9,"Fais trois copies de la liste des commandes."
59,10,"Un juré têtu plaide une cause perdue."
60,1,"Quelle joie, nos vieux amis arrivent ce midi."
60,2,"Le hangar de stockage a pris feu dans la nuit."
60,3,"Un savon doux donne une peau parfaite."
60,4,"Cette planche est assez solide pour marcher dessus."
60,5,"Les cris du bébé lui mettent les nerfs en pelote."
60,6,"Les cartes marines sont précises mais manquent de couleur."
60,7,"Les pièces tombaient de la foule et roulaient partout."
60,8,"Sa nouvelle voiture de fonction a une rayure sur le coffre."
60,9,"Le ciel à l’ouest est teinté de rouge sanglant."
60,10,"Le cochon a rampé sous la haute clôture du jardin."
61,1,"Le pot a bouilli, mais la pâte n’a pas vraiment gonflé."
61,2,"Pars déjà si tu ne veux pas rentrer tard."
61,3,"Mets ce sac de charbon au fond de la cave."
61,4,"Il a donné les figues mais a gardé les cerises mûres."
61,5,"Les veaux savourent l’herbe tendre du printemps."
61,6,"À chaque fois, ils repoussent les attaques de l’ennemi."
61,7,"Prends le briquet et frotte-le contre ta chaussure."
61,8,"Lance la fléchette dans le mille de la cible de liège."
61,9,"Les joueuses russes dominent le tournoi de volley."
61,10,"Ces pièces seront utiles pour payer sa dette."
62,1,"Monte le chauffage, la pièce manque de chaleur."
62,2,"Avec un vol de nuit vous ne perdrez pas trop de temps."
62,3,"L’absence d’efforts à fournir semblait le réjouir."
62,4,"La bretelle étroite débouche sur l’entrée de la rocade."
62,5,"Elle porte la veste de tailleur avec grande classe."
62,6,"Prends le siège et explique aux autres la consigne."
62,7,"Le voilier de plaisance navigue au milieu de la baie."
62,8,"Les cochons sont nourris avec du maïs haché et des ordures."
62,9,"Le club n’accepte que les paiements par carte visa."
62,10,"Nous avons besoin de foin pour nourrir les mules."
63,1,"Les remparts cernent le bourg et assurent la défense."
63,2,"Les pirates ont volé les riches touristes du bateau."
63,3,"Le jeune docteur l’a guéri de son mal avec des gélules."
63,4,"La grille devant le feu protège des flammes."
63,5,"Nous avons un nouveau service d’envoi du courrier."
63,6,"Le filet tendu a freiné la chute de l’homme."
63,7,"Le rideau rouge se lève et le spectacle commence."
63,8,"La ceinture de soie égaye sa robe courte."
63,9,"Prenez votre chapeau pour la troisième marche de la saison."
63,10,"Le nid en paille contient cinq merles."
64,1,"Les fougères brunes aiment un climat humide."
64,2,"À l’époque un roi était à la tête de l’état français."
64,3,"Creuse profond dans la terre pour trouver le trésor."
64,4,"Les baskets et les tongs sont bannies de ce club privé."
64,5,"Un bagage en toile prendra moins d’espace."
64,6,"Congèle l’eau pour faire de nouveaux glaçons."
64,7,"Souriez quand vous dites des mots méchants."
64,8,"Le vrai et le juste sont des valeurs d’essence divine."
64,9,"Le coup de pioche fit jaillir une pépite."
64,10,"Les roues du chariot grinçant ont besoin d’huile."
65,1,"Ce jeu de cartes semble pénible et stupide."
65,2,"Le gardien retourne de vacances dimanche soir."
65,3,"Le repère de la crue est dix mètres au-dessus."
65,4,"Tournez la vanne pour faire sortir la vapeur."
65,5,"La javel permet de laver à fond les sols."
65,6,"Le conseil hésite mais décide toujours à la fin."
65,7,"Accroche les clochettes avec soin autour des branches."
65,8,"Les mangas se lisent mieux à la plage qu’en voiture."
65,9,"Chauffer les épices à la poêle exalte leur saveur."
65,10,"Ses paupières se ferment par manque chronique de sommeil."
66,1,"Arrête et regarde l’homme qui travaille dur."
66,2,"Éponge l’eau versée avec le chiffon à carreaux."
66,3,"Colle la feuille sur le mur bleu foncé."
66,4,"À présent les cassettes sont absentes des rayons de musique."
66,5,"Le crachin et la bruine sont pire qu’une pluie battante."
66,6,"La glace à la menthe a givré le bol à punch."
66,7,"La critique acclame de nouveau son dernier film."
66,8,"L’express du soir part toujours à l’ouest."
66,9,"Les méandres du tunnel prennent fin bientôt."
66,10,"Tous sont assis figés devant l’écran."
67,1,"Le papier rouge brilla dans la scène sombre."
67,2,"Ils étaient heureux de voir la régate au port."
67,3,"Les rues sont étroites et pleines de virages serrés."
67,4,"L’athlète grimpe avec aisance la falaise de calcaire."
67,5,"Les jeunes commandent souvent leurs habits en ligne."
67,6,"Ils découpent la saucisse fine avec un couteau denté."
67,7,"L’homme portait une plume à son chapeau de feutre."
67,8,"Une jument grise marchait devant le poulain."
67,9,"Les croissants chauds c’est un délice avec un café brûlant."
67,10,"Les bouteilles contiennent quatre sortes de rhum."
68,1,"Les clowns du cirque d’hiver sont tristes mais drôles."
68,2,"La grippe l’a cloué à la maison trois semaines."
68,3,"Dépose les cendres sur le vieux tapis usé."
68,4,"Le crapaud et la grenouille chantent sur la même note."
68,5,"Jetez la tasse et l’assiette en plastique sale."
68,6,"Une odeur piquante et poivrée emplit l’air."
68,7,"Le chien aide le berger qui rassemble ses bêtes."
68,8,"Le jeudi est le bon jour pour faire du shopping."
68,9,"L’alarme murale sonne fort et souvent."
68,10,"Fends la bûche avec un fort coup de hache."
69,1,"Mettez la lanterne qui donne beaucoup de lumière."
69,2,"Le tuyau arrose le gazon chaque soir."
69,3,"Ce geste de la main signale la fin du jeu."
69,4,"Aide-le à ouvrir le couvercle de ce bocal d’asperges."
69,5,"Remplis le porche avec des nattes de paille tressée."
69,6,"Le but du concours est de lever de grands fonds."
69,7,"Le club a loué la salle pour cinq nuits."
69,8,"L’air humide déforme les planches de bois."
69,9,"La prise de courant est au format standard du pays."
69,10,"Presse-toi si tu souhaites partir tôt ce soir."
70,1,"Il était cloué au sol et ne pouvait pas bouger ses jambes."
70,2,"Même neuf, le tuyau se mit à rouiller."
70,3,"Une chaise en plastique a glissé du camion de transport."
70,4,"L’oiseau volait libre dans le vent chaud."
70,5,"Aide à tisser le côté droit du tapis."
70,6,"La venue d’une crampe est un sérieux risque en mer."
70,7,"Le forain surveille le manège d’un regard distrait."
70,8,"Il quitta la salle en colère et frappa la porte."
70,9,"Prenez refuge sous cette tente le temps de l’averse."
70,10,"Nous ne touchons pas beaucoup d’argent mais nous rions bien."
